binary,family,backend,query,cell,sf,dram_gib,structure,method,tx,bg,rep,tx_per_s,tx_count,bg_tx_count,ms_per_tx,size_mib,commit_sha,cpu_cycles_per_tx,cpu_instr_per_tx,cpu_l1_miss_per_tx,cpu_llc_miss_per_tx,cpu_branch_miss_per_tx,cpu_util_pct,bm_free_pct,bm_consumed_pages,bm_p1_pct,bm_p2_pct,bm_p3_pct,bm_evicted_mib,bm_rounds,cr_committed,cr_restarts,cr_gct_committed,cr_wal_write_gib,dt_struct_split,dt_misses_counter,sst_read_us_per_tx,sst_write_us_per_tx,sst_compaction_us,lsm_block_read_count,lsm_block_cache_hit,lsm_block_cache_miss,disk
q3_btree,vanilla,btree,q3,c0,1550,1.0,1,base_merge_join,query,2,1,0.02707,,,36941.26339120798,4282.67,ae9fb9dc,14306121394.395,10283608613.904999,194779390.36,12482954.54,29823074.19,0.195,99.98,2207560.0,nan,nan,nan,0.0,0.0,0.0,0.0,0.0,0.0,0.0,15.0,,,,,,,ssd
q3_btree,vanilla,btree,q3,c0,1550,1.0,2,pipeline_view,query,2,1,0.03979,,,25131.942699170646,4516.3,ae9fb9dc,8583735498.190001,6228184990.715,127582044.84,7243866.225,18079433.935,0.195,99.98,2207560.0,nan,nan,nan,0.0,0.0,0.0,0.0,0.0,0.0,0.0,15.0,,,,,,,ssd
q3_btree,vanilla,btree,q3,c0,1550,1.0,3,mi_col_walk,query,2,1,0.03744,,,26709.401709401707,4383.06,ae9fb9dc,9093086363.525,6710527496.73,135703594.295,3258884.24,18406485.79,0.185,99.98,2207560.0,nan,nan,nan,0.0,0.0,0.0,0.0,0.0,0.0,0.0,15.0,,,,,,,ssd
q3_btree,vanilla,btree,q3,c0,1550,1.0,4,base_hash_join,query,2,1,0.01553,,,64391.5003219575,3397.3,ae9fb9dc,20443517800.66,14267688534.525,323888306.57500005,13104966.184999999,44187627.3,0.19,99.98,2207560.0,nan,nan,nan,0.0,0.0,0.0,0.0,0.0,0.0,0.0,15.0,,,,,,,ssd
q3_btree,vanilla,btree,q3,c0,1550,1.0,1,base_merge_join,query,2,2,0.02784,,,35919.54022988506,4282.67,ae9fb9dc,14233953846.369999,10275483746.14,192255340.44,11971368.030000001,29388729.259999998,0.20500000000000002,99.98,2207560.0,nan,nan,nan,0.0,0.0,0.0,0.0,0.0,0.0,0.0,15.0,,,,,,,ssd
q3_btree,vanilla,btree,q3,c0,1550,1.0,2,pipeline_view,query,2,2,0.03972,,,25176.233635448138,4516.3,ae9fb9dc,8633080467.224998,6237415543.08,125296781.58,7275396.52,18008046.744999997,0.195,99.98,2207560.0,nan,nan,nan,0.0,0.0,0.0,0.0,0.0,0.0,0.0,15.0,,,,,,,ssd
q3_btree,vanilla,btree,q3,c0,1550,1.0,3,mi_col_walk,query,2,2,0.03966,,,25214.321734745336,4383.06,ae9fb9dc,9694117131.974998,6711717752.860001,140002163.22,1801979.3499999999,18499050.78,0.19,99.98,2207560.0,nan,nan,nan,0.0,0.0,0.0,0.0,0.0,0.0,0.0,15.0,,,,,,,ssd
q3_btree,vanilla,btree,q3,c0,1550,1.0,4,base_hash_join,query,2,2,0.01527,,,65487.88474132285,3397.3,ae9fb9dc,22061105085.35,14324596666.59,333684696.155,22055154.049999997,44747094.115,0.19,99.98,2207560.0,nan,nan,nan,0.0,0.0,0.0,0.0,0.0,0.0,0.0,15.0,,,,,,,ssd
q3_btree,vanilla,btree,q3,c0,1550,1.0,1,base_merge_join,query,2,3,0.02801,,,35701.53516601214,4282.67,ae9fb9dc,14069588513.93,10229069831.345001,197203204.62,12113489.11,29235293.235,0.195,99.98,2207560.0,nan,nan,nan,0.0,0.0,0.0,0.0,0.0,0.0,0.0,15.0,,,,,,,ssd
q3_btree,vanilla,btree,q3,c0,1550,1.0,2,pipeline_view,query,2,3,0.03806,,,26274.30373095113,4516.3,ae9fb9dc,8715977213.89,6236000389.325001,124686041.945,7388842.415,18187468.335,0.185,99.98,2207560.0,nan,nan,nan,0.0,0.0,0.0,0.0,0.0,0.0,0.0,15.0,,,,,,,ssd
q3_btree,vanilla,btree,q3,c0,1550,1.0,3,mi_col_walk,query,2,3,0.04006,,,24962.556165751375,4383.06,ae9fb9dc,9022172177.994999,6703521765.33,131306208.43,7276190.3149999995,18304688.995,0.20500000000000002,99.98,2207560.0,nan,nan,nan,0.0,0.0,0.0,0.0,0.0,0.0,0.0,15.0,,,,,,,ssd
q3_btree,vanilla,btree,q3,c0,1550,1.0,4,base_hash_join,query,2,3,0.01532,,,65274.15143603133,3397.3,ae9fb9dc,21015084595.545,14298203670.815,327612779.67999995,20192377.675,43739461.42,0.185,99.98,2207560.0,nan,nan,nan,0.0,0.0,0.0,0.0,0.0,0.0,0.0,15.0,,,,,,,ssd
q3_lsm,vanilla,lsm,q3,c0,3850,1.0,1,base_merge_join,query,2,1,0.08813,,,11346.873936230568,3818.5,ae9fb9dc,21127163403.0,,,,,2.59,,,,,,,,,,,,,,13640277.0,187808968.0,556040246.0,,,,ssd
q3_lsm,vanilla,lsm,q3,c0,3850,1.0,2,pipeline_view,query,2,1,0.1507,,,6635.700066357001,3759.19,ae9fb9dc,9002285887.0,,,,,1.76,,,,,,,,,,,,,,11316881.33,125140099.33,556066645.0,,,,ssd
q3_lsm,vanilla,lsm,q3,c0,3850,1.0,3,mi_col_walk,query,2,1,0.1387,,,7209.805335255948,3903.77,ae9fb9dc,10761247842.0,,,,,1.87,,,,,,,,,,,,,,11265126.0,137737633.33,634896872.0,,,,ssd
q3_lsm,vanilla,lsm,q3,c0,3850,1.0,4,base_hash_join,query,2,1,0.01686,,,59311.98102016607,3115.58,ae9fb9dc,37183398564.0,,,,,2.37,,,,,,,,,,,,,,112996595.0,372526070.0,556094729.0,,,,ssd
q3_lsm,vanilla,lsm,q3,c0,3850,1.0,1,base_merge_join,query,2,2,0.08554,,,11690.437222352115,3818.5,ae9fb9dc,21276861336.0,,,,,2.58,,,,,,,,,,,,,,14506235.0,186725021.5,556100906.0,,,,ssd
q3_lsm,vanilla,lsm,q3,c0,3850,1.0,2,pipeline_view,query,2,2,0.1475,,,6779.661016949153,3759.19,ae9fb9dc,9299881290.0,,,,,1.81,,,,,,,,,,,,,,11349215.33,124922071.0,556092350.0,,,,ssd
q3_lsm,vanilla,lsm,q3,c0,3850,1.0,3,mi_col_walk,query,2,2,0.1143,,,8748.906386701663,3903.77,ae9fb9dc,11167360039.0,,,,,1.28,,,,,,,,,,,,,,15597909.0,208083923.0,634941399.0,,,,ssd
q3_lsm,vanilla,lsm,q3,c0,3850,1.0,4,base_hash_join,query,2,2,0.01707,,,58582.308142940834,3115.58,ae9fb9dc,39220973356.0,,,,,2.36,,,,,,,,,,,,,,112109300.0,374102271.0,556076871.0,,,,ssd
q3_lsm,vanilla,lsm,q3,c0,3850,1.0,1,base_merge_join,query,2,3,0.08727,,,11458.691417440128,3818.5,ae9fb9dc,21040834677.0,,,,,2.58,,,,,,,,,,,,,,14129912.5,187521785.0,556089851.0,,,,ssd
q3_lsm,vanilla,lsm,q3,c0,3850,1.0,2,pipeline_view,query,2,3,0.1112,,,8992.805755395684,3759.19,ae9fb9dc,9898431101.0,,,,,1.35,,,,,,,,,,,,,,15453839.0,187787330.0,556099658.0,,,,ssd
q3_lsm,vanilla,lsm,q3,c0,3850,1.0,3,mi_col_walk,query,2,3,0.1123,,,8904.719501335709,3903.77,ae9fb9dc,11203303723.5,,,,,1.3,,,,,,,,,,,,,,15485182.0,208091972.5,634936810.0,,,,ssd
q3_lsm,vanilla,lsm,q3,c0,3850,1.0,4,base_hash_join,query,2,3,0.01706,,,58616.647127784294,3115.58,ae9fb9dc,38959811805.0,,,,,2.3,,,,,,,,,,,,,,111612490.0,373883064.0,556090429.0,,,,ssd
q3i_btree,tpchi,btree,q3i,c0,1550,1.0,1,base_merge_join,query,2,1,0.02029,,,49285.36224741252,6241.15,ae9fb9dc,18996158033.175003,13907633320.435001,257198310.365,15912829.08,40530473.015,0.20500000000000002,99.98,3110600.0,nan,nan,nan,0.0,0.0,0.0,0.0,0.0,0.0,0.0,15.0,,,,,,,ssd
q3i_btree,tpchi,btree,q3i,c0,1550,1.0,2,pipeline_view,query,2,1,0.03758,,,26609.898882384245,6315.7,ae9fb9dc,9839867935.985,6460368428.66,137386743.3,7794290.620000001,19206506.435000002,0.195,99.98,3110600.0,nan,nan,nan,0.0,0.0,0.0,0.0,0.0,0.0,0.0,15.0,,,,,,,ssd
q3i_btree,tpchi,btree,q3i,c0,1550,1.0,3,mi_coli_walk,query,2,1,0.0347,,,28818.44380403458,6362.41,ae9fb9dc,10576630312.05,7565620321.045,143890000.245,8836732.4,21592512.75,0.2,99.98,3110600.0,nan,nan,nan,0.0,0.0,0.0,0.0,0.0,0.0,0.0,15.0,,,,,,,ssd
q3i_btree,tpchi,btree,q3i,c0,1550,1.0,4,base_hash_join,query,2,1,0.007611,,,131388.7793982394,5047.73,ae9fb9dc,41142266186.395004,26655119036.489998,630432406.295,49653488.665,81104003.41499999,0.185,99.98,3110600.0,nan,nan,nan,0.0,0.0,0.0,0.0,0.0,0.0,0.0,15.0,,,,,,,ssd
q3i_btree,tpchi,btree,q3i,c0,1550,1.0,1,base_merge_join,query,2,2,0.02104,,,47528.51711026616,6241.15,ae9fb9dc,,,,,,,,,,,,,,,,,,,,,,,,,,ssd
q3i_btree,tpchi,btree,q3i,c0,1550,1.0,2,pipeline_view,query,2,2,0.03563,,,28066.236317709794,6315.7,ae9fb9dc,9152432142.51,6477693967.155001,135956827.26,7677611.279999999,19027089.965,0.185,99.98,3110600.0,nan,nan,nan,0.0,0.0,0.0,0.0,0.0,0.0,0.0,15.0,,,,,,,ssd
q3i_btree,tpchi,btree,q3i,c0,1550,1.0,3,mi_coli_walk,query,2,2,0.03469,,,28826.75122513693,6362.41,ae9fb9dc,10384834069.64,7571303057.905001,142789382.79,8671339.795,21787887.009999998,0.2,99.98,3110600.0,nan,nan,nan,0.0,0.0,0.0,0.0,0.0,0.0,0.0,15.0,,,,,,,ssd
q3i_btree,tpchi,btree,q3i,c0,1550,1.0,4,base_hash_join,query,2,2,0.00764,,,130890.05235602094,5047.73,ae9fb9dc,39543157175.83,26683786875.6,630931525.84,48108102.56,81527461.02,0.18,99.98,3110600.0,nan,nan,nan,0.0,0.0,0.0,0.0,0.0,0.0,0.0,15.0,,,,,,,ssd
q3i_btree,tpchi,btree,q3i,c0,1550,1.0,1,base_merge_join,query,2,3,0.0211,,,47393.36492890995,6241.15,ae9fb9dc,19150782958.295,13878894344.095,261446115.765,15880369.635000002,40552838.43,0.21000000000000002,99.98,3110600.0,nan,nan,nan,0.0,0.0,0.0,0.0,0.0,0.0,0.0,15.0,,,,,,,ssd
q3i_btree,tpchi,btree,q3i,c0,1550,1.0,2,pipeline_view,query,2,3,0.03777,,,26476.039184537993,6315.7,ae9fb9dc,9012684863.575,6468230457.93,136596306.225,7685146.945,18810549.935000002,0.185,99.98,3110600.0,nan,nan,nan,0.0,0.0,0.0,0.0,0.0,0.0,0.0,15.0,,,,,,,ssd
q3i_btree,tpchi,btree,q3i,c0,1550,1.0,3,mi_coli_walk,query,2,3,0.03485,,,28694.404591104736,6362.41,ae9fb9dc,10515252040.810001,7561296283.86,145723815.765,7863808.26,21421359.995,0.2,99.98,3110600.0,nan,nan,nan,0.0,0.0,0.0,0.0,0.0,0.0,0.0,15.0,,,,,,,ssd
q3i_btree,tpchi,btree,q3i,c0,1550,1.0,4,base_hash_join,query,2,3,0.007615,,,131319.76362442548,5047.73,ae9fb9dc,40237294911.130005,26661927049.295,649616016.495,30499966.05,81715212.455,0.18,99.98,3110600.0,nan,nan,nan,0.0,0.0,0.0,0.0,0.0,0.0,0.0,15.0,,,,,,,ssd
q3i_lsm,tpchi,lsm,q3i,c0,3850,1.0,1,base_merge_join,query,2,1,0.05982,,,16716.81711802073,5132.67,ae9fb9dc,32283133691.0,,,,,1.66,,,,,,,,,,,,,,28563305.0,462455500.0,687588314.0,,,,ssd
q3i_lsm,tpchi,lsm,q3i,c0,3850,1.0,2,pipeline_view,query,2,1,0.1203,,,8312.551953449709,4858.94,ae9fb9dc,9986849412.0,,,,,1.04,,,,,,,,,,,,,,17594456.5,231395691.5,687511720.0,,,,ssd
q3i_lsm,tpchi,lsm,q3i,c0,3850,1.0,3,mi_coli_walk,query,2,1,0.09355,,,10689.470871191877,5239.35,ae9fb9dc,13408821450.0,,,,,1.21,,,,,,,,,,,,,,21913338.0,259364037.0,791269602.0,,,,ssd
q3i_lsm,tpchi,lsm,q3i,c0,3850,1.0,4,base_hash_join,query,2,1,0.009109,,,109781.53474585574,4202.31,ae9fb9dc,84640634053.0,,,,,3.95,,,,,,,,,,,,,,192735666.0,463862347.0,687562656.0,,,,ssd
q3i_lsm,tpchi,lsm,q3i,c0,3850,1.0,1,base_merge_join,query,2,2,0.05985,,,16708.43776106934,5132.67,ae9fb9dc,31832481921.5,,,,,1.58,,,,,,,,,,,,,,29297884.0,463780137.0,687573450.0,,,,ssd
q3i_lsm,tpchi,lsm,q3i,c0,3850,1.0,2,pipeline_view,query,2,2,0.1172,,,8532.423208191127,4858.94,ae9fb9dc,9642459999.5,,,,,1.0,,,,,,,,,,,,,,17934371.5,230216369.5,687521921.0,,,,ssd
q3i_lsm,tpchi,lsm,q3i,c0,3850,1.0,3,mi_coli_walk,query,2,2,0.08732,,,11452.130096197894,5239.35,ae9fb9dc,13297589469.0,,,,,1.23,,,,,,,,,,,,,,22890342.5,259710875.5,791257234.0,,,,ssd
q3i_lsm,tpchi,lsm,q3i,c0,3850,1.0,4,base_hash_join,query,2,2,0.009222,,,108436.34786380395,4202.31,ae9fb9dc,81574724499.0,,,,,3.83,,,,,,,,,,,,,,190735155.0,464341201.0,687544854.0,,,,ssd
q3i_lsm,tpchi,lsm,q3i,c0,3850,1.0,1,base_merge_join,query,2,3,0.05793,,,17262.213015708614,5132.67,ae9fb9dc,31434420202.5,,,,,1.58,,,,,,,,,,,,,,30207231.0,462099042.0,687552522.0,,,,ssd
q3i_lsm,tpchi,lsm,q3i,c0,3850,1.0,2,pipeline_view,query,2,3,0.1147,,,8718.39581517001,4858.94,ae9fb9dc,9841854903.0,,,,,1.03,,,,,,,,,,,,,,18126389.0,232567860.5,687526999.0,,,,ssd
q3i_lsm,tpchi,lsm,q3i,c0,3850,1.0,3,mi_coli_walk,query,2,3,0.08608,,,11617.100371747212,5239.35,ae9fb9dc,12638799477.5,,,,,1.17,,,,,,,,,,,,,,23246092.0,260410798.0,791271483.0,,,,ssd
q3i_lsm,tpchi,lsm,q3i,c0,3850,1.0,4,base_hash_join,query,2,3,0.009422,,,106134.57864572278,4202.31,ae9fb9dc,81718060121.5,,,,,3.79,,,,,,,,,,,,,,186643850.0,464782819.0,687543741.0,,,,ssd
q5_btree,vanilla,btree,q5,c0,1550,1.0,1,base_merge_join,query,2,1,0.02987,,,33478.40642785403,4290.28,ae9fb9dc,15421338651.185,11706976359.605,190884939.84,11510128.035,29489160.13,0.18,99.98,2207560.0,nan,nan,nan,0.0,0.0,0.0,0.0,0.0,0.0,0.0,15.0,,,,,,,ssd
q5_btree,vanilla,btree,q5,c0,1550,1.0,2,pipeline_view,query,2,1,0.03645,,,27434.842249657064,4673.23,ae9fb9dc,8235648597.174999,4641526478.93,127707449.285,2475405.5650000004,17548747.96,0.10500000000000001,99.98,2207560.0,nan,nan,nan,0.0,0.0,0.0,0.0,0.0,0.0,0.0,15.0,,,,,,,ssd
q5_btree,vanilla,btree,q5,c0,1550,1.0,3,mi_col_walk,query,2,1,0.04079,,,24515.812699190978,4390.67,ae9fb9dc,11061378808.42,7046810213.559999,144886059.20499998,7805217.32,20826034.16,0.165,99.98,2207560.0,nan,nan,nan,0.0,0.0,0.0,0.0,0.0,0.0,0.0,15.0,,,,,,,ssd
q5_btree,vanilla,btree,q5,c0,1550,1.0,4,base_hash_join,query,2,1,0.008757,,,114194.35879867536,3404.91,ae9fb9dc,29460978442.045002,16063140624.035,441726896.72,26147136.990000002,60879733.56,0.10500000000000001,99.98,2207560.0,nan,nan,nan,0.0,0.0,0.0,0.0,0.0,0.0,0.0,15.0,,,,,,,ssd
q5_btree,vanilla,btree,q5,c0,1550,1.0,1,base_merge_join,query,2,2,0.03004,,,33288.948069241014,4290.28,ae9fb9dc,15324592795.835,11701619751.01,185660511.495,11283100.145,31998698.59,0.175,99.98,2207560.0,nan,nan,nan,0.0,0.0,0.0,0.0,0.0,0.0,0.0,15.0,,,,,,,ssd
q5_btree,vanilla,btree,q5,c0,1550,1.0,2,pipeline_view,query,2,2,0.0378,,,26455.026455026455,4673.23,ae9fb9dc,8462033864.705,4618223589.01,128098498.71000001,7195640.15,17816676.490000002,0.11,99.98,2207560.0,nan,nan,nan,0.0,0.0,0.0,0.0,0.0,0.0,0.0,15.0,,,,,,,ssd
q5_btree,vanilla,btree,q5,c0,1550,1.0,3,mi_col_walk,query,2,2,0.04077,,,24527.83909737552,4390.67,ae9fb9dc,11074467115.130001,7035749413.775,142811487.87,7867041.1,20889208.725,0.165,99.98,2207560.0,nan,nan,nan,0.0,0.0,0.0,0.0,0.0,0.0,0.0,15.0,,,,,,,ssd
q5_btree,vanilla,btree,q5,c0,1550,1.0,4,base_hash_join,query,2,2,0.008882,,,112587.25512272012,3404.91,ae9fb9dc,27680929317.614998,16026814390.7,442024274.67499995,22688771.075,61209709.075,0.105,99.98,2207560.0,nan,nan,nan,0.0,0.0,0.0,0.0,0.0,0.0,0.0,15.0,,,,,,,ssd
q5_btree,vanilla,btree,q5,c0,1550,1.0,1,base_merge_join,query,2,3,0.02869,,,34855.35029627048,4290.28,ae9fb9dc,15297585508.56,11696559439.525002,188134059.055,11450099.895,29184643.380000003,0.165,99.98,2207560.0,nan,nan,nan,0.0,0.0,0.0,0.0,0.0,0.0,0.0,15.0,,,,,,,ssd
q5_btree,vanilla,btree,q5,c0,1550,1.0,2,pipeline_view,query,2,3,0.0377,,,26525.198938992045,4673.23,ae9fb9dc,8488934808.135,4620334620.455,128586316.555,7331380.005000001,17797772.78,0.11,99.98,2207560.0,nan,nan,nan,0.0,0.0,0.0,0.0,0.0,0.0,0.0,15.0,,,,,,,ssd
q5_btree,vanilla,btree,q5,c0,1550,1.0,3,mi_col_walk,query,2,3,0.04105,,,24360.5359317905,4390.67,ae9fb9dc,10727368812.985,7015536706.445,138384801.42000002,7766447.925000001,20613501.765,0.16,99.98,2207560.0,nan,nan,nan,0.0,0.0,0.0,0.0,0.0,0.0,0.0,15.0,,,,,,,ssd
q5_btree,vanilla,btree,q5,c0,1550,1.0,4,base_hash_join,query,2,3,0.008814,,,113455.86566825504,3404.91,ae9fb9dc,28485377622.585,16051524544.289999,438984844.54499996,25982019.355,60745638.74,0.105,99.98,2207560.0,nan,nan,nan,0.0,0.0,0.0,0.0,0.0,0.0,0.0,15.0,,,,,,,ssd
q5_lsm,vanilla,lsm,q5,c0,3850,1.0,1,base_merge_join,query,2,1,0.08061,,,12405.408758218584,3824.1,ae9fb9dc,25279881774.0,,,,,3.06,,,,,,,,,,,,,,14952166.0,187076298.5,556089740.0,,,,ssd
q5_lsm,vanilla,lsm,q5,c0,3850,1.0,2,pipeline_view,query,2,1,0.1239,,,8071.0250201775625,3711.4,ae9fb9dc,9596380713.0,,,,,1.24,,,,,,,,,,,,,,16085635.0,186770096.5,556095127.0,,,,ssd
q5_lsm,vanilla,lsm,q5,c0,3850,1.0,3,mi_col_walk,query,2,1,0.1296,,,7716.04938271605,3909.37,ae9fb9dc,11844374896.5,,,,,1.34,,,,,,,,,,,,,,15083584.5,208221511.0,634947660.0,,,,ssd
q5_lsm,vanilla,lsm,q5,c0,3850,1.0,4,base_hash_join,query,2,1,0.01368,,,73099.41520467837,3121.19,ae9fb9dc,75592370383.0,,,,,4.17,,,,,,,,,,,,,,119779410.0,370450277.0,556106165.0,,,,ssd
q5_lsm,vanilla,lsm,q5,c0,3850,1.0,1,base_merge_join,query,2,2,0.07923,,,12621.481761958854,3824.1,ae9fb9dc,25676508443.5,,,,,3.05,,,,,,,,,,,,,,15401660.0,185652024.0,556101827.0,,,,ssd
q5_lsm,vanilla,lsm,q5,c0,3850,1.0,2,pipeline_view,query,2,2,0.1028,,,9727.626459143969,3711.4,ae9fb9dc,11338468784.5,,,,,1.41,,,,,,,,,,,,,,17120221.5,185826503.0,556093702.0,,,,ssd
q5_lsm,vanilla,lsm,q5,c0,3850,1.0,3,mi_col_walk,query,2,2,0.1224,,,8169.934640522876,3909.37,ae9fb9dc,11975519452.0,,,,,1.38,,,,,,,,,,,,,,15462783.0,207459670.5,634947634.0,,,,ssd
q5_lsm,vanilla,lsm,q5,c0,3850,1.0,4,base_hash_join,query,2,2,0.01372,,,72886.2973760933,3121.19,ae9fb9dc,75285305660.0,,,,,4.16,,,,,,,,,,,,,,119555682.0,371599652.0,556117772.0,,,,ssd
q5_lsm,vanilla,lsm,q5,c0,3850,1.0,1,base_merge_join,query,2,3,0.08116,,,12321.34056185313,3824.1,ae9fb9dc,25242747490.0,,,,,3.02,,,,,,,,,,,,,,15097461.5,186582129.0,556088083.0,,,,ssd
q5_lsm,vanilla,lsm,q5,c0,3850,1.0,2,pipeline_view,query,2,3,0.1012,,,9881.422924901186,3711.4,ae9fb9dc,10535348782.5,,,,,1.32,,,,,,,,,,,,,,17558744.0,186964843.0,556092253.0,,,,ssd
q5_lsm,vanilla,lsm,q5,c0,3850,1.0,3,mi_col_walk,query,2,3,0.1252,,,7987.220447284345,3909.37,ae9fb9dc,12051385794.0,,,,,1.35,,,,,,,,,,,,,,15252482.5,206191434.5,634951807.0,,,,ssd
q5_lsm,vanilla,lsm,q5,c0,3850,1.0,4,base_hash_join,query,2,3,0.01346,,,74294.20505200594,3121.19,ae9fb9dc,75567124731.0,,,,,4.23,,,,,,,,,,,,,,122089189.0,372900189.0,556126271.0,,,,ssd
q5i_btree,tpchi,btree,q5i,c0,1550,1.0,1,base_merge_join,query,2,1,0.03004,,,33288.948069241014,6241.15,ae9fb9dc,16038667761.66,11646491693.54,199201762.02,5613221.11,33338960.505,0.165,99.98,3110600.0,nan,nan,nan,0.0,0.0,0.0,0.0,0.0,0.0,0.0,15.0,,,,,,,ssd
q5i_btree,tpchi,btree,q5i,c0,1550,1.0,2,pipeline_view,query,2,1,0.0375,,,26666.666666666668,6388.95,ae9fb9dc,8468938262.91,4697186038.28,132438708.955,2514692.52,18160561.615,0.11,99.98,3110600.0,nan,nan,nan,0.0,0.0,0.0,0.0,0.0,0.0,0.0,15.0,,,,,,,ssd
q5i_btree,tpchi,btree,q5i,c0,1550,1.0,3,mi_coli_walk,query,2,1,0.03728,,,26824.034334763946,6362.41,ae9fb9dc,12922848728.75,8427051222.2699995,168913701.91,2464386.645,25003880.68,0.17,99.98,3110600.0,nan,nan,nan,0.0,0.0,0.0,0.0,0.0,0.0,0.0,15.0,,,,,,,ssd
q5i_btree,tpchi,btree,q5i,c0,1550,1.0,4,base_hash_join,query,2,1,0.007481,,,133671.9689881032,5047.73,ae9fb9dc,37711800587.125,21435580896.925003,631702444.495,11196206.815,89205016.95,0.1,99.98,3110600.0,nan,nan,nan,0.0,0.0,0.0,0.0,0.0,0.0,0.0,15.0,,,,,,,ssd
q5i_btree,tpchi,btree,q5i,c0,1550,1.0,1,base_merge_join,query,2,2,0.02987,,,33478.40642785403,6241.15,ae9fb9dc,16481192371.92,11663016893.545,205683044.68,5862088.335,33350395.22,0.17,99.98,3110600.0,nan,nan,nan,0.0,0.0,0.0,0.0,0.0,0.0,0.0,15.0,,,,,,,ssd
q5i_btree,tpchi,btree,q5i,c0,1550,1.0,2,pipeline_view,query,2,2,0.03743,,,26716.53753673524,6388.95,ae9fb9dc,8442843879.725,4712527466.41,131082652.03,2526029.545,17865299.25,0.11,99.98,3110600.0,nan,nan,nan,0.0,0.0,0.0,0.0,0.0,0.0,0.0,15.0,,,,,,,ssd
q5i_btree,tpchi,btree,q5i,c0,1550,1.0,3,mi_coli_walk,query,2,2,0.03778,,,26469.031233456855,6362.41,ae9fb9dc,12225340435.335,8410128241.7,165225763.89499998,2332810.9749999996,25499124.92,0.16,99.98,3110600.0,nan,nan,nan,0.0,0.0,0.0,0.0,0.0,0.0,0.0,15.0,,,,,,,ssd
q5i_btree,tpchi,btree,q5i,c0,1550,1.0,4,base_hash_join,query,2,2,0.007422,,,134734.57289140395,5047.73,ae9fb9dc,36738914726.17999,21414987606.305,627226621.39,11305516.465,88850749.11,0.1,99.98,3110600.0,nan,nan,nan,0.0,0.0,0.0,0.0,0.0,0.0,0.0,15.0,,,,,,,ssd
q5i_btree,tpchi,btree,q5i,c0,1550,1.0,1,base_merge_join,query,2,3,0.02883,,,34686.0908775581,6241.15,ae9fb9dc,15903663113.8,11637031229.445,201754572.35,5793096.13,33132949.245,0.16,99.98,3110600.0,nan,nan,nan,0.0,0.0,0.0,0.0,0.0,0.0,0.0,15.0,,,,,,,ssd
q5i_btree,tpchi,btree,q5i,c0,1550,1.0,2,pipeline_view,query,2,3,0.03727,,,26831.23155352831,6388.95,ae9fb9dc,9103435489.32,4718902032.61,130903095.315,8554806.85,18352208.575,0.11499999999999999,99.98,3110600.0,nan,nan,nan,0.0,0.0,0.0,0.0,0.0,0.0,0.0,15.0,,,,,,,ssd
q5i_btree,tpchi,btree,q5i,c0,1550,1.0,3,mi_coli_walk,query,2,3,0.03754,,,26638.252530633992,6362.41,ae9fb9dc,11957033420.805,8427897689.360001,162978749.92000002,2396306.755,25076004.91,0.155,99.98,3110600.0,nan,nan,nan,0.0,0.0,0.0,0.0,0.0,0.0,0.0,15.0,,,,,,,ssd
q5i_btree,tpchi,btree,q5i,c0,1550,1.0,4,base_hash_join,query,2,3,0.00762,,,131233.59580052493,5047.73,ae9fb9dc,36746373783.33,21437713137.87,630304568.1,11005523.82,88421844.72999999,0.1,99.98,3110600.0,nan,nan,nan,0.0,0.0,0.0,0.0,0.0,0.0,0.0,15.0,,,,,,,ssd
q5i_lsm,tpchi,lsm,q5i,c0,3850,1.0,1,base_merge_join,query,2,1,0.06868,,,14560.279557367501,5132.67,ae9fb9dc,30558839891.5,,,,,2.92,,,,,,,,,,,,,,17295719.0,231220560.0,687549980.0,,,,ssd
q5i_lsm,tpchi,lsm,q5i,c0,3850,1.0,2,pipeline_view,query,2,1,0.1514,,,6605.019815059445,4844.19,ae9fb9dc,9932006387.5,,,,,1.6,,,,,,,,,,,,,,12370408.33,154965521.0,687506884.0,,,,ssd
q5i_lsm,tpchi,lsm,q5i,c0,3850,1.0,3,mi_coli_walk,query,2,1,0.08136,,,12291.052114060964,5239.35,ae9fb9dc,16105364481.5,,,,,1.43,,,,,,,,,,,,,,23070290.0,250110814.0,791296475.0,,,,ssd
q5i_lsm,tpchi,lsm,q5i,c0,3850,1.0,4,base_hash_join,query,2,1,0.008829,,,113263.11020500623,4202.31,ae9fb9dc,92592095708.5,,,,,4.13,,,,,,,,,,,,,,187197224.0,463632369.0,687579312.0,,,,ssd
q5i_lsm,tpchi,lsm,q5i,c0,3850,1.0,1,base_merge_join,query,2,2,0.07102,,,14080.540692762603,5132.67,ae9fb9dc,29581254839.0,,,,,2.86,,,,,,,,,,,,,,16028502.0,233199657.5,687599181.0,,,,ssd
q5i_lsm,tpchi,lsm,q5i,c0,3850,1.0,2,pipeline_view,query,2,2,0.1607,,,6222.775357809583,4844.19,ae9fb9dc,9552205544.0,,,,,1.52,,,,,,,,,,,,,,11866277.67,155293685.33,687540890.0,,,,ssd
q5i_lsm,tpchi,lsm,q5i,c0,3850,1.0,3,mi_coli_walk,query,2,2,0.08794,,,11371.38958380714,5239.35,ae9fb9dc,13811138576.5,,,,,1.29,,,,,,,,,,,,,,22612237.5,260046714.0,791261737.0,,,,ssd
q5i_lsm,tpchi,lsm,q5i,c0,3850,1.0,4,base_hash_join,query,2,2,0.008963,,,111569.78690170702,4202.31,ae9fb9dc,92825845639.0,,,,,4.12,,,,,,,,,,,,,,185505687.0,463287856.0,687545905.0,,,,ssd
q5i_lsm,tpchi,lsm,q5i,c0,3850,1.0,1,base_merge_join,query,2,3,0.0724,,,13812.154696132595,5132.67,ae9fb9dc,29693508226.0,,,,,2.83,,,,,,,,,,,,,,15765900.0,232794226.0,687573661.0,,,,ssd
q5i_lsm,tpchi,lsm,q5i,c0,3850,1.0,2,pipeline_view,query,2,3,0.1599,,,6253.908692933083,4844.19,ae9fb9dc,9774552029.0,,,,,1.55,,,,,,,,,,,,,,11806617.0,155143773.0,687544522.0,,,,ssd
q5i_lsm,tpchi,lsm,q5i,c0,3850,1.0,3,mi_coli_walk,query,2,3,0.08716,,,11473.152822395594,5239.35,ae9fb9dc,14127662071.5,,,,,1.3,,,,,,,,,,,,,,22598404.0,259448881.0,791281290.0,,,,ssd
q5i_lsm,tpchi,lsm,q5i,c0,3850,1.0,4,base_hash_join,query,2,3,0.009085,,,110071.54650522841,4202.31,ae9fb9dc,92294939424.5,,,,,4.02,,,,,,,,,,,,,,182172428.0,464030478.0,687602494.0,,,,ssd
