binary,family,backend,query,cell,sf,dram_gib,structure,method,tx,bg,rep,tx_per_s,tx_count,bg_tx_count,ms_per_tx,size_mib,commit_sha,cpu_cycles_per_tx,cpu_instr_per_tx,cpu_l1_miss_per_tx,cpu_llc_miss_per_tx,cpu_branch_miss_per_tx,cpu_util_pct,bm_free_pct,bm_consumed_pages,bm_p1_pct,bm_p2_pct,bm_p3_pct,bm_evicted_mib,bm_rounds,cr_committed,cr_restarts,cr_gct_committed,cr_wal_write_gib,dt_struct_split,dt_misses_counter,sst_read_us_per_tx,sst_write_us_per_tx,sst_compaction_us,lsm_block_read_count,lsm_block_cache_hit,lsm_block_cache_miss
q10_btree,vanilla,btree,q10,c0,1550,1.0,1,base_merge_join,query,2,0,0.03946107224414723,1,,25341.43,4287.31,934439da,,,,,,,,,,,,,,,,,,,,,,,,,
q10_btree,vanilla,btree,q10,c0,1550,1.0,2,pipeline_view,query,2,0,0.005396068748074277,1,,185320.1,10104.45,934439da,,,,,,,,,,,,,,,,,,,,,,,,,
q10_btree,vanilla,btree,q10,c0,1550,1.0,3,mi_col_walk,query,2,0,0.039005789239238885,1,,25637.22,4386.27,934439da,,,,,,,,,,,,,,,,,,,,,,,,,
q10_btree,vanilla,btree,q10,c0,1550,1.0,4,base_hash_join,query,2,0,0.009231025995307684,1,,108330.32,3402.03,934439da,,,,,,,,,,,,,,,,,,,,,,,,,
q10_btree,vanilla,btree,q10,c0,1550,1.0,5,mi_acol_preagg,query,2,0,3.181774793980082,78,,314.29,3514.77,934439da,,,,,,,,,,,,,,,,,,,,,,,,,
q10_btree,vanilla,btree,q10,c0,1550,1.0,7,preagg_view,query,2,0,0.03718955553646491,1,,26889.270000000004,3892.57,934439da,,,,,,,,,,,,,,,,,,,,,,,,,
q10_btree,vanilla,btree,q10,c0,1550,1.0,1,base_merge_join,query,2,1,0.04177674839869724,1,,23936.76,4287.31,934439da,,,,,,,,,,,,,,,,,,,,,,,,,
q10_btree,vanilla,btree,q10,c0,1550,1.0,2,pipeline_view,query,2,1,0.005482183533965718,1,,182409.07,10104.45,934439da,,,,,,,,,,,,,,,,,,,,,,,,,
q10_btree,vanilla,btree,q10,c0,1550,1.0,3,mi_col_walk,query,2,1,0.039286741353381095,1,,25453.88,4500.35,934439da,,,,,,,,,,,,,,,,,,,,,,,,,
q10_btree,vanilla,btree,q10,c0,1550,1.0,4,base_hash_join,query,2,1,0.00931846689973395,1,,107313.78999999998,3402.03,934439da,,,,,,,,,,,,,,,,,,,,,,,,,
q10_btree,vanilla,btree,q10,c0,1550,1.0,5,mi_acol_preagg,query,2,1,3.4547087680508537,84,,289.46,4500.35,934439da,,,,,,,,,,,,,,,,,,,,,,,,,
q10_btree,vanilla,btree,q10,c0,1550,1.0,7,preagg_view,query,2,1,0.03648559111035869,1,,27408.080000000005,3892.57,934439da,,,,,,,,,,,,,,,,,,,,,,,,,
q10_btree,vanilla,btree,q10,c0,1550,1.0,1,base_merge_join,query,2,2,0.04106676676006618,1,,24350.59,4287.31,934439da,,,,,,,,,,,,,,,,,,,,,,,,,
q10_btree,vanilla,btree,q10,c0,1550,1.0,2,pipeline_view,query,2,2,0.005479556841936319,1,,182496.51,10104.45,934439da,,,,,,,,,,,,,,,,,,,,,,,,,
q10_btree,vanilla,btree,q10,c0,1550,1.0,3,mi_col_walk,query,2,2,0.03872959192565468,1,,25820.05,4500.35,934439da,,,,,,,,,,,,,,,,,,,,,,,,,
q10_btree,vanilla,btree,q10,c0,1550,1.0,4,base_hash_join,query,2,2,0.0091751461073204,1,,108990.09,3402.03,934439da,,,,,,,,,,,,,,,,,,,,,,,,,
q10_btree,vanilla,btree,q10,c0,1550,1.0,5,mi_acol_preagg,query,2,2,3.7046641721927904,87,,269.93,4500.35,934439da,,,,,,,,,,,,,,,,,,,,,,,,,
q10_btree,vanilla,btree,q10,c0,1550,1.0,7,preagg_view,query,2,2,0.03485346731006168,1,,28691.549999999996,3892.57,934439da,,,,,,,,,,,,,,,,,,,,,,,,,
q10_lsm,vanilla,lsm,q10,c0,3850,1.0,1,base_merge_join,query,2,0,0.07304361799648659,2,,13690.450000000003,3893.18,934439da,,,,,,,,,,,,,,,,,,,,,,,,,
q10_lsm,vanilla,lsm,q10,c0,3850,1.0,2,pipeline_view,query,2,0,0.042457184052742014,1,,23553.14,4977.66,934439da,,,,,,,,,,,,,,,,,,,,,,,,,
q10_lsm,vanilla,lsm,q10,c0,3850,1.0,3,mi_col_walk,query,2,0,0.08423485688918989,2,,11871.57,3839.1,934439da,,,,,,,,,,,,,,,,,,,,,,,,,
q10_lsm,vanilla,lsm,q10,c0,3850,1.0,4,base_hash_join,query,2,0,0.010750820072555133,1,,93016.16000000002,3139.61,934439da,,,,,,,,,,,,,,,,,,,,,,,,,
q10_lsm,vanilla,lsm,q10,c0,3850,1.0,5,mi_acol_preagg,query,2,0,0.33743656192635785,8,,2963.52,3839.1,934439da,,,,,,,,,,,,,,,,,,,,,,,,,
q10_lsm,vanilla,lsm,q10,c0,3850,1.0,7,preagg_view,query,2,0,0.3025279233273231,7,,3305.4800000000005,3290.1,934439da,,,,,,,,,,,,,,,,,,,,,,,,,
q10_lsm,vanilla,lsm,q10,c0,3850,1.0,1,base_merge_join,query,2,1,0.07247316862114724,2,,13798.210000000001,3893.18,934439da,,,,,,,,,,,,,,,,,,,,,,,,,
q10_lsm,vanilla,lsm,q10,c0,3850,1.0,2,pipeline_view,query,2,1,0.04487087731988045,1,,22286.17,4977.66,934439da,,,,,,,,,,,,,,,,,,,,,,,,,
q10_lsm,vanilla,lsm,q10,c0,3850,1.0,3,mi_col_walk,query,2,1,0.0827326939750743,2,,12087.119999999999,3839.1,934439da,,,,,,,,,,,,,,,,,,,,,,,,,
q10_lsm,vanilla,lsm,q10,c0,3850,1.0,4,base_hash_join,query,2,1,0.010604127762772938,1,,94302.9,3139.61,934439da,,,,,,,,,,,,,,,,,,,,,,,,,
q10_lsm,vanilla,lsm,q10,c0,3850,1.0,5,mi_acol_preagg,query,2,1,0.35438749437409856,8,,2821.77,3839.1,934439da,,,,,,,,,,,,,,,,,,,,,,,,,
q10_lsm,vanilla,lsm,q10,c0,3850,1.0,7,preagg_view,query,2,1,0.3126895680506307,7,,3198.06,3290.1,934439da,,,,,,,,,,,,,,,,,,,,,,,,,
q10_lsm,vanilla,lsm,q10,c0,3850,1.0,1,base_merge_join,query,2,2,0.07017814722673506,2,,14249.450000000003,3893.18,934439da,,,,,,,,,,,,,,,,,,,,,,,,,
q10_lsm,vanilla,lsm,q10,c0,3850,1.0,2,pipeline_view,query,2,2,0.0406091040738241,1,,24625.02,4977.66,934439da,,,,,,,,,,,,,,,,,,,,,,,,,
q10_lsm,vanilla,lsm,q10,c0,3850,1.0,3,mi_col_walk,query,2,2,0.0804103500986233,2,,12436.21,3839.1,934439da,,,,,,,,,,,,,,,,,,,,,,,,,
q10_lsm,vanilla,lsm,q10,c0,3850,1.0,4,base_hash_join,query,2,2,0.010117672579164717,1,,98836.96,3139.61,934439da,,,,,,,,,,,,,,,,,,,,,,,,,
q10_lsm,vanilla,lsm,q10,c0,3850,1.0,5,mi_acol_preagg,query,2,2,0.3248229714805431,8,,3078.6,3839.1,934439da,,,,,,,,,,,,,,,,,,,,,,,,,
q10_lsm,vanilla,lsm,q10,c0,3850,1.0,7,preagg_view,query,2,2,0.29580897839411224,7,,3380.5599999999995,3290.1,934439da,,,,,,,,,,,,,,,,,,,,,,,,,
q10i_btree,tpchi,btree,q10i,c0,1550,1.0,1,base_merge_join,query,2,0,0.029786753651930464,1,,33571.97,6241.21,934439da,,,,,,,,,,,,,,,,,,,,,,,,,
q10i_btree,tpchi,btree,q10i,c0,1550,1.0,2,pipeline_view,query,2,0,0.005481918167021986,1,,182417.9,12155.96,934439da,,,,,,,,,,,,,,,,,,,,,,,,,
q10i_btree,tpchi,btree,q10i,c0,1550,1.0,3,mi_coli_walk,query,2,0,0.03339028603120723,1,,29948.829999999998,6361.72,934439da,,,,,,,,,,,,,,,,,,,,,,,,,
q10i_btree,tpchi,btree,q10i,c0,1550,1.0,4,base_hash_join,query,2,0,0.007832376491059303,1,,127675.17,5045.39,934439da,,,,,,,,,,,,,,,,,,,,,,,,,
q10i_btree,tpchi,btree,q10i,c0,1550,1.0,5,mi_acoli_preagg,query,2,0,2.581777812201482,69,,387.33000000000004,5190.98,934439da,,,,,,,,,,,,,,,,,,,,,,,,,
q10i_btree,tpchi,btree,q10i,c0,1550,1.0,7,preagg_view,query,2,0,0.03547971411865552,1,,28185.12,5611.55,934439da,,,,,,,,,,,,,,,,,,,,,,,,,
q10i_btree,tpchi,btree,q10i,c0,1550,1.0,1,base_merge_join,query,2,1,0.029726949054846515,1,,33639.51,6241.21,934439da,,,,,,,,,,,,,,,,,,,,,,,,,
q10i_btree,tpchi,btree,q10i,c0,1550,1.0,2,pipeline_view,query,2,1,0.00565661058948048,1,,176784.31,12155.96,934439da,,,,,,,,,,,,,,,,,,,,,,,,,
q10i_btree,tpchi,btree,q10i,c0,1550,1.0,3,mi_coli_walk,query,2,1,0.032119432899292734,1,,31133.799999999996,6505.37,934439da,,,,,,,,,,,,,,,,,,,,,,,,,
q10i_btree,tpchi,btree,q10i,c0,1550,1.0,4,base_hash_join,query,2,1,0.007821463519403604,1,,127853.31,5045.39,934439da,,,,,,,,,,,,,,,,,,,,,,,,,
q10i_btree,tpchi,btree,q10i,c0,1550,1.0,5,mi_acoli_preagg,query,2,1,2.619240943974436,71,,381.79,6505.37,934439da,,,,,,,,,,,,,,,,,,,,,,,,,
q10i_btree,tpchi,btree,q10i,c0,1550,1.0,7,preagg_view,query,2,1,0.03527950363149571,1,,28345.07,5611.55,934439da,,,,,,,,,,,,,,,,,,,,,,,,,
q10i_btree,tpchi,btree,q10i,c0,1550,1.0,1,base_merge_join,query,2,2,0.025099261303640576,1,,39841.81,6241.21,934439da,,,,,,,,,,,,,,,,,,,,,,,,,
q10i_btree,tpchi,btree,q10i,c0,1550,1.0,2,pipeline_view,query,2,2,0.005464486846433712,1,,182999.8,12155.96,934439da,,,,,,,,,,,,,,,,,,,,,,,,,
q10i_btree,tpchi,btree,q10i,c0,1550,1.0,3,mi_coli_walk,query,2,2,0.034564342387462824,1,,28931.55,6505.37,934439da,,,,,,,,,,,,,,,,,,,,,,,,,
q10i_btree,tpchi,btree,q10i,c0,1550,1.0,4,base_hash_join,query,2,2,0.007827360978633027,1,,127756.97999999998,5045.39,934439da,,,,,,,,,,,,,,,,,,,,,,,,,
q10i_btree,tpchi,btree,q10i,c0,1550,1.0,5,mi_acoli_preagg,query,2,2,2.525443846756067,68,,395.97,6505.37,934439da,,,,,,,,,,,,,,,,,,,,,,,,,
q10i_btree,tpchi,btree,q10i,c0,1550,1.0,7,preagg_view,query,2,2,0.03572557754861804,1,,27991.15,5611.55,934439da,,,,,,,,,,,,,,,,,,,,,,,,,
q10i_lsm,tpchi,lsm,q10i,c0,3850,1.0,1,base_merge_join,query,2,0,0.04365433969973672,1,,22907.23,5494.21,934439da,,,,,,,,,,,,,,,,,,,,,,,,,
q10i_lsm,tpchi,lsm,q10i,c0,3850,1.0,2,pipeline_view,query,2,0,0.04355706127476709,1,,22958.39,6966.88,934439da,,,,,,,,,,,,,,,,,,,,,,,,,
q10i_lsm,tpchi,lsm,q10i,c0,3850,1.0,3,mi_coli_walk,query,2,0,0.06303107621150456,1,,15865.19,5712.05,934439da,,,,,,,,,,,,,,,,,,,,,,,,,
q10i_lsm,tpchi,lsm,q10i,c0,3850,1.0,4,base_hash_join,query,2,0,0.006764176326925088,1,,147837.66,4777.42,934439da,,,,,,,,,,,,,,,,,,,,,,,,,
q10i_lsm,tpchi,lsm,q10i,c0,3850,1.0,5,mi_acoli_preagg,query,2,0,0.41371378452958674,7,,2417.13,5712.05,934439da,,,,,,,,,,,,,,,,,,,,,,,,,
q10i_lsm,tpchi,lsm,q10i,c0,3850,1.0,7,preagg_view,query,2,0,0.2673803940652248,6,,3739.99,4776.19,934439da,,,,,,,,,,,,,,,,,,,,,,,,,
q10i_lsm,tpchi,lsm,q10i,c0,3850,1.0,1,base_merge_join,query,2,1,0.045444113964749004,1,,22005.05,5494.21,934439da,,,,,,,,,,,,,,,,,,,,,,,,,
q10i_lsm,tpchi,lsm,q10i,c0,3850,1.0,2,pipeline_view,query,2,1,0.048045370203991036,1,,20813.66,6966.88,934439da,,,,,,,,,,,,,,,,,,,,,,,,,
q10i_lsm,tpchi,lsm,q10i,c0,3850,1.0,3,mi_coli_walk,query,2,1,0.06456144700279938,1,,15489.12,5712.05,934439da,,,,,,,,,,,,,,,,,,,,,,,,,
q10i_lsm,tpchi,lsm,q10i,c0,3850,1.0,4,base_hash_join,query,2,1,0.006947012909495149,1,,143946.76,4777.42,934439da,,,,,,,,,,,,,,,,,,,,,,,,,
q10i_lsm,tpchi,lsm,q10i,c0,3850,1.0,5,mi_acoli_preagg,query,2,1,0.47576455363769576,8,,2101.88,5712.05,934439da,,,,,,,,,,,,,,,,,,,,,,,,,
q10i_lsm,tpchi,lsm,q10i,c0,3850,1.0,7,preagg_view,query,2,1,0.2765219074481176,6,,3616.3499999999995,4776.19,934439da,,,,,,,,,,,,,,,,,,,,,,,,,
q10i_lsm,tpchi,lsm,q10i,c0,3850,1.0,1,base_merge_join,query,2,2,0.04386099573232512,1,,22799.3,5494.21,934439da,,,,,,,,,,,,,,,,,,,,,,,,,
q10i_lsm,tpchi,lsm,q10i,c0,3850,1.0,2,pipeline_view,query,2,2,0.04401296093673664,1,,22720.58,6966.88,934439da,,,,,,,,,,,,,,,,,,,,,,,,,
q10i_lsm,tpchi,lsm,q10i,c0,3850,1.0,3,mi_coli_walk,query,2,2,0.06443095546596789,2,,15520.490000000002,5712.05,934439da,,,,,,,,,,,,,,,,,,,,,,,,,
q10i_lsm,tpchi,lsm,q10i,c0,3850,1.0,4,base_hash_join,query,2,2,0.006852940086046887,1,,145922.77,4777.42,934439da,,,,,,,,,,,,,,,,,,,,,,,,,
q10i_lsm,tpchi,lsm,q10i,c0,3850,1.0,5,mi_acoli_preagg,query,2,2,0.40663795802682995,7,,2459.19,5712.05,934439da,,,,,,,,,,,,,,,,,,,,,,,,,
q10i_lsm,tpchi,lsm,q10i,c0,3850,1.0,7,preagg_view,query,2,2,0.26944591142774,6,,3711.32,4776.19,934439da,,,,,,,,,,,,,,,,,,,,,,,,,
q3_btree,vanilla,btree,q3,c0,1550,1.0,1,base_merge_join,query,2,0,0.031118349930823908,1,,32135.38,4287.3,934439da,,,,,,,,,,,,,,,,,,,,,,,,,
q3_btree,vanilla,btree,q3,c0,1550,1.0,2,pipeline_view,query,2,0,0.036153786639151225,1,,27659.62,4521.86,934439da,,,,,,,,,,,,,,,,,,,,,,,,,
q3_btree,vanilla,btree,q3,c0,1550,1.0,3,mi_col_walk,query,2,0,0.03796500006643875,1,,26340.05,4386.26,934439da,,,,,,,,,,,,,,,,,,,,,,,,,
q3_btree,vanilla,btree,q3,c0,1550,1.0,4,base_hash_join,query,2,0,0.00919151608359059,1,,108795.97999999998,3402.02,934439da,,,,,,,,,,,,,,,,,,,,,,,,,
q3_btree,vanilla,btree,q3,c0,1550,1.0,1,base_merge_join,query,2,1,0.04178163580117958,1,,23933.96,4287.3,934439da,,,,,,,,,,,,,,,,,,,,,,,,,
q3_btree,vanilla,btree,q3,c0,1550,1.0,2,pipeline_view,query,2,1,0.03723322857143921,1,,26857.73,4521.86,934439da,,,,,,,,,,,,,,,,,,,,,,,,,
q3_btree,vanilla,btree,q3,c0,1550,1.0,3,mi_col_walk,query,2,1,0.039132571761310096,1,,25554.16,4386.26,934439da,,,,,,,,,,,,,,,,,,,,,,,,,
q3_btree,vanilla,btree,q3,c0,1550,1.0,4,base_hash_join,query,2,1,0.009205056816372188,1,,108635.93999999999,3402.02,934439da,,,,,,,,,,,,,,,,,,,,,,,,,
q3_btree,vanilla,btree,q3,c0,1550,1.0,1,base_merge_join,query,2,2,0.041142511075563985,1,,24305.76,4287.3,934439da,,,,,,,,,,,,,,,,,,,,,,,,,
q3_btree,vanilla,btree,q3,c0,1550,1.0,2,pipeline_view,query,2,2,0.03560923846082628,1,,28082.599999999995,4521.86,934439da,,,,,,,,,,,,,,,,,,,,,,,,,
q3_btree,vanilla,btree,q3,c0,1550,1.0,3,mi_col_walk,query,2,2,0.03794529275362539,1,,26353.73,4386.26,934439da,,,,,,,,,,,,,,,,,,,,,,,,,
q3_btree,vanilla,btree,q3,c0,1550,1.0,4,base_hash_join,query,2,2,0.008934607074743528,1,,111924.34,3402.02,934439da,,,,,,,,,,,,,,,,,,,,,,,,,
q3_lsm,vanilla,lsm,q3,c0,3850,1.0,1,base_merge_join,query,2,0,0.07491040715304495,2,,13349.28,3893.17,934439da,,,,,,,,,,,,,,,,,,,,,,,,,
q3_lsm,vanilla,lsm,q3,c0,3850,1.0,2,pipeline_view,query,2,0,0.08928284447999885,2,,11200.36,3785.12,934439da,,,,,,,,,,,,,,,,,,,,,,,,,
q3_lsm,vanilla,lsm,q3,c0,3850,1.0,3,mi_col_walk,query,2,0,0.08823220599043739,2,,11333.73,3709.15,934439da,,,,,,,,,,,,,,,,,,,,,,,,,
q3_lsm,vanilla,lsm,q3,c0,3850,1.0,4,base_hash_join,query,2,0,0.01080904864374543,1,,92515.08,3139.61,934439da,,,,,,,,,,,,,,,,,,,,,,,,,
q3_lsm,vanilla,lsm,q3,c0,3850,1.0,1,base_merge_join,query,2,1,0.07762317828103471,2,,12882.750000000002,3893.17,934439da,,,,,,,,,,,,,,,,,,,,,,,,,
q3_lsm,vanilla,lsm,q3,c0,3850,1.0,2,pipeline_view,query,2,1,0.09018515011318237,2,,11088.3,3785.12,934439da,,,,,,,,,,,,,,,,,,,,,,,,,
q3_lsm,vanilla,lsm,q3,c0,3850,1.0,3,mi_col_walk,query,2,1,0.09633298846123464,2,,10380.66,3709.15,934439da,,,,,,,,,,,,,,,,,,,,,,,,,
q3_lsm,vanilla,lsm,q3,c0,3850,1.0,4,base_hash_join,query,2,1,0.011047131037975175,1,,90521.24,3139.61,934439da,,,,,,,,,,,,,,,,,,,,,,,,,
q3_lsm,vanilla,lsm,q3,c0,3850,1.0,1,base_merge_join,query,2,2,0.06938922218845281,2,,14411.46,3893.17,934439da,,,,,,,,,,,,,,,,,,,,,,,,,
q3_lsm,vanilla,lsm,q3,c0,3850,1.0,2,pipeline_view,query,2,2,0.08718220994696707,2,,11470.23,3785.12,934439da,,,,,,,,,,,,,,,,,,,,,,,,,
q3_lsm,vanilla,lsm,q3,c0,3850,1.0,3,mi_col_walk,query,2,2,0.09762583726358683,2,,10243.19,3709.15,934439da,,,,,,,,,,,,,,,,,,,,,,,,,
q3_lsm,vanilla,lsm,q3,c0,3850,1.0,4,base_hash_join,query,2,2,0.010776406695553903,1,,92795.31,3139.61,934439da,,,,,,,,,,,,,,,,,,,,,,,,,
q3i_btree,tpchi,btree,q3i,c0,1550,1.0,1,base_merge_join,query,2,0,0.027526188415658657,1,,36329.04,6241.2,934439da,,,,,,,,,,,,,,,,,,,,,,,,,
q3i_btree,tpchi,btree,q3i,c0,1550,1.0,2,pipeline_view,query,2,0,0.03339154592840184,1,,29947.700000000004,6318.87,934439da,,,,,,,,,,,,,,,,,,,,,,,,,
q3i_btree,tpchi,btree,q3i,c0,1550,1.0,3,mi_coli_walk,query,2,0,0.033855280187991596,1,,29537.49,6361.7,934439da,,,,,,,,,,,,,,,,,,,,,,,,,
q3i_btree,tpchi,btree,q3i,c0,1550,1.0,4,base_hash_join,query,2,0,0.005605495223921877,1,,178396.37,5045.38,934439da,,,,,,,,,,,,,,,,,,,,,,,,,
q3i_btree,tpchi,btree,q3i,c0,1550,1.0,1,base_merge_join,query,2,1,0.02886211126343892,1,,34647.5,6241.2,934439da,,,,,,,,,,,,,,,,,,,,,,,,,
q3i_btree,tpchi,btree,q3i,c0,1550,1.0,2,pipeline_view,query,2,1,0.033403212854625206,1,,29937.24,6318.87,934439da,,,,,,,,,,,,,,,,,,,,,,,,,
q3i_btree,tpchi,btree,q3i,c0,1550,1.0,3,mi_coli_walk,query,2,1,0.03508984931366009,1,,28498.27,6361.7,934439da,,,,,,,,,,,,,,,,,,,,,,,,,
q3i_btree,tpchi,btree,q3i,c0,1550,1.0,4,base_hash_join,query,2,1,0.008286877787032378,1,,120672.71,5045.38,934439da,,,,,,,,,,,,,,,,,,,,,,,,,
q3i_btree,tpchi,btree,q3i,c0,1550,1.0,1,base_merge_join,query,2,2,0.027933811392581505,1,,35798.91,6241.2,934439da,,,,,,,,,,,,,,,,,,,,,,,,,
q3i_btree,tpchi,btree,q3i,c0,1550,1.0,2,pipeline_view,query,2,2,0.03662184031339506,1,,27306.109999999997,6318.87,934439da,,,,,,,,,,,,,,,,,,,,,,,,,
q3i_btree,tpchi,btree,q3i,c0,1550,1.0,3,mi_coli_walk,query,2,2,0.034275322008081435,1,,29175.51,6361.7,934439da,,,,,,,,,,,,,,,,,,,,,,,,,
q3i_btree,tpchi,btree,q3i,c0,1550,1.0,4,base_hash_join,query,2,2,0.008180466991774786,1,,122242.40999999999,5045.38,934439da,,,,,,,,,,,,,,,,,,,,,,,,,
q3i_lsm,tpchi,lsm,q3i,c0,3850,1.0,1,base_merge_join,query,2,0,0.04574787249518961,1,,21858.94,5494.21,934439da,,,,,,,,,,,,,,,,,,,,,,,,,
q3i_lsm,tpchi,lsm,q3i,c0,3850,1.0,2,pipeline_view,query,2,0,0.0891283073286642,2,,11219.78,5289.98,934439da,,,,,,,,,,,,,,,,,,,,,,,,,
q3i_lsm,tpchi,lsm,q3i,c0,3850,1.0,3,mi_coli_walk,query,2,0,0.0770308015363023,2,,12981.82,5582.75,934439da,,,,,,,,,,,,,,,,,,,,,,,,,
q3i_lsm,tpchi,lsm,q3i,c0,3850,1.0,4,base_hash_join,query,2,0,0.006936916444910791,1,,144156.27,4777.42,934439da,,,,,,,,,,,,,,,,,,,,,,,,,
q3i_lsm,tpchi,lsm,q3i,c0,3850,1.0,1,base_merge_join,query,2,1,0.048262292043816366,1,,20720.11,5494.21,934439da,,,,,,,,,,,,,,,,,,,,,,,,,
q3i_lsm,tpchi,lsm,q3i,c0,3850,1.0,2,pipeline_view,query,2,1,0.09453234376875877,2,,10578.39,5289.98,934439da,,,,,,,,,,,,,,,,,,,,,,,,,
q3i_lsm,tpchi,lsm,q3i,c0,3850,1.0,3,mi_coli_walk,query,2,1,0.07956829426264858,2,,12567.82,5582.75,934439da,,,,,,,,,,,,,,,,,,,,,,,,,
q3i_lsm,tpchi,lsm,q3i,c0,3850,1.0,4,base_hash_join,query,2,1,0.007855275041065413,1,,127302.99,4777.42,934439da,,,,,,,,,,,,,,,,,,,,,,,,,
q3i_lsm,tpchi,lsm,q3i,c0,3850,1.0,1,base_merge_join,query,2,2,0.04621702126676234,1,,21637.05,5494.21,934439da,,,,,,,,,,,,,,,,,,,,,,,,,
q3i_lsm,tpchi,lsm,q3i,c0,3850,1.0,2,pipeline_view,query,2,2,0.09039768654240601,2,,11062.23,5289.98,934439da,,,,,,,,,,,,,,,,,,,,,,,,,
q3i_lsm,tpchi,lsm,q3i,c0,3850,1.0,3,mi_coli_walk,query,2,2,0.07541927460233303,2,,13259.21,5582.75,934439da,,,,,,,,,,,,,,,,,,,,,,,,,
q3i_lsm,tpchi,lsm,q3i,c0,3850,1.0,4,base_hash_join,query,2,2,0.007559205778438318,1,,132289.03,4777.42,934439da,,,,,,,,,,,,,,,,,,,,,,,,,
q5_btree,vanilla,btree,q5,c0,1550,1.0,1,base_merge_join,query,2,0,0.04108630548243335,1,,24339.01,4294.9,934439da,,,,,,,,,,,,,,,,,,,,,,,,,
q5_btree,vanilla,btree,q5,c0,1550,1.0,2,pipeline_view,query,2,0,0.03555656694234858,1,,28124.200000000004,4677.95,934439da,,,,,,,,,,,,,,,,,,,,,,,,,
q5_btree,vanilla,btree,q5,c0,1550,1.0,3,mi_col_walk,query,2,0,0.03663104297737117,1,,27299.25,4393.86,934439da,,,,,,,,,,,,,,,,,,,,,,,,,
q5_btree,vanilla,btree,q5,c0,1550,1.0,4,base_hash_join,query,2,0,0.00884958101658677,1,,112999.69999999998,3409.63,934439da,,,,,,,,,,,,,,,,,,,,,,,,,
q5_btree,vanilla,btree,q5,c0,1550,1.0,1,base_merge_join,query,2,1,0.042479710628211195,1,,23540.65,4294.9,934439da,,,,,,,,,,,,,,,,,,,,,,,,,
q5_btree,vanilla,btree,q5,c0,1550,1.0,2,pipeline_view,query,2,1,0.035674381370552656,1,,28031.319999999996,4677.95,934439da,,,,,,,,,,,,,,,,,,,,,,,,,
q5_btree,vanilla,btree,q5,c0,1550,1.0,3,mi_col_walk,query,2,1,0.0391080394787837,1,,25570.19,4393.86,934439da,,,,,,,,,,,,,,,,,,,,,,,,,
q5_btree,vanilla,btree,q5,c0,1550,1.0,4,base_hash_join,query,2,1,0.009178310807158092,1,,108952.50999999998,3409.63,934439da,,,,,,,,,,,,,,,,,,,,,,,,,
q5_btree,vanilla,btree,q5,c0,1550,1.0,1,base_merge_join,query,2,2,0.04068217498298468,1,,24580.79,4294.9,934439da,,,,,,,,,,,,,,,,,,,,,,,,,
q5_btree,vanilla,btree,q5,c0,1550,1.0,2,pipeline_view,query,2,2,0.035736876525517915,1,,27982.300000000003,4677.95,934439da,,,,,,,,,,,,,,,,,,,,,,,,,
q5_btree,vanilla,btree,q5,c0,1550,1.0,3,mi_col_walk,query,2,2,0.03941542199333249,1,,25370.78,4393.86,934439da,,,,,,,,,,,,,,,,,,,,,,,,,
q5_btree,vanilla,btree,q5,c0,1550,1.0,4,base_hash_join,query,2,2,0.009343741389158326,1,,107023.51,3409.63,934439da,,,,,,,,,,,,,,,,,,,,,,,,,
q5_lsm,vanilla,lsm,q5,c0,3850,1.0,1,base_merge_join,query,2,0,0.0738153921331984,2,,13547.31,3898.78,934439da,,,,,,,,,,,,,,,,,,,,,,,,,
q5_lsm,vanilla,lsm,q5,c0,3850,1.0,2,pipeline_view,query,2,0,0.0876996812116588,2,,11402.55,3754.07,934439da,,,,,,,,,,,,,,,,,,,,,,,,,
q5_lsm,vanilla,lsm,q5,c0,3850,1.0,3,mi_col_walk,query,2,0,0.07986812175735426,2,,12520.64,3714.76,934439da,,,,,,,,,,,,,,,,,,,,,,,,,
q5_lsm,vanilla,lsm,q5,c0,3850,1.0,4,base_hash_join,query,2,0,0.010375316706542466,1,,96382.6,3145.24,934439da,,,,,,,,,,,,,,,,,,,,,,,,,
q5_lsm,vanilla,lsm,q5,c0,3850,1.0,1,base_merge_join,query,2,1,0.07154483178021427,2,,13977.250000000002,3898.78,934439da,,,,,,,,,,,,,,,,,,,,,,,,,
q5_lsm,vanilla,lsm,q5,c0,3850,1.0,2,pipeline_view,query,2,1,0.09166490975589635,2,,10909.3,3754.07,934439da,,,,,,,,,,,,,,,,,,,,,,,,,
q5_lsm,vanilla,lsm,q5,c0,3850,1.0,3,mi_col_walk,query,2,1,0.0810142990237777,2,,12343.5,3714.76,934439da,,,,,,,,,,,,,,,,,,,,,,,,,
q5_lsm,vanilla,lsm,q5,c0,3850,1.0,4,base_hash_join,query,2,1,0.010453347025824157,1,,95663.14,3145.24,934439da,,,,,,,,,,,,,,,,,,,,,,,,,
q5_lsm,vanilla,lsm,q5,c0,3850,1.0,1,base_merge_join,query,2,2,0.06918385193548744,2,,14454.24,3898.78,934439da,,,,,,,,,,,,,,,,,,,,,,,,,
q5_lsm,vanilla,lsm,q5,c0,3850,1.0,2,pipeline_view,query,2,2,0.08519948607669998,2,,11737.16,3754.07,934439da,,,,,,,,,,,,,,,,,,,,,,,,,
q5_lsm,vanilla,lsm,q5,c0,3850,1.0,3,mi_col_walk,query,2,2,0.07923817251417967,2,,12620.18,3714.76,934439da,,,,,,,,,,,,,,,,,,,,,,,,,
q5_lsm,vanilla,lsm,q5,c0,3850,1.0,4,base_hash_join,query,2,2,0.010147318773960357,1,,98548.2,3145.24,934439da,,,,,,,,,,,,,,,,,,,,,,,,,
q5i_btree,tpchi,btree,q5i,c0,1550,1.0,1,base_merge_join,query,2,0,0.02916966506515482,1,,34282.19,6241.2,934439da,,,,,,,,,,,,,,,,,,,,,,,,,
q5i_btree,tpchi,btree,q5i,c0,1550,1.0,2,pipeline_view,query,2,0,0.0354786315749887,1,,28185.98,6391.36,934439da,,,,,,,,,,,,,,,,,,,,,,,,,
q5i_btree,tpchi,btree,q5i,c0,1550,1.0,3,mi_coli_walk,query,2,0,0.03431889182925527,1,,29138.470000000005,6361.7,934439da,,,,,,,,,,,,,,,,,,,,,,,,,
q5i_btree,tpchi,btree,q5i,c0,1550,1.0,4,base_hash_join,query,2,0,0.007681095066071627,1,,130189.77,5045.38,934439da,,,,,,,,,,,,,,,,,,,,,,,,,
q5i_btree,tpchi,btree,q5i,c0,1550,1.0,1,base_merge_join,query,2,1,0.02823471746506448,1,,35417.39,6241.2,934439da,,,,,,,,,,,,,,,,,,,,,,,,,
q5i_btree,tpchi,btree,q5i,c0,1550,1.0,2,pipeline_view,query,2,1,0.036230413838279026,1,,27601.12,6391.36,934439da,,,,,,,,,,,,,,,,,,,,,,,,,
q5i_btree,tpchi,btree,q5i,c0,1550,1.0,3,mi_coli_walk,query,2,1,0.03450135366061088,1,,28984.37,6361.7,934439da,,,,,,,,,,,,,,,,,,,,,,,,,
q5i_btree,tpchi,btree,q5i,c0,1550,1.0,4,base_hash_join,query,2,1,0.007857285298500626,1,,127270.42,5045.38,934439da,,,,,,,,,,,,,,,,,,,,,,,,,
q5i_btree,tpchi,btree,q5i,c0,1550,1.0,1,base_merge_join,query,2,2,0.02851901062989083,1,,35064.33,6241.2,934439da,,,,,,,,,,,,,,,,,,,,,,,,,
q5i_btree,tpchi,btree,q5i,c0,1550,1.0,2,pipeline_view,query,2,2,0.03619752264155041,1,,27626.2,6391.36,934439da,,,,,,,,,,,,,,,,,,,,,,,,,
q5i_btree,tpchi,btree,q5i,c0,1550,1.0,3,mi_coli_walk,query,2,2,0.036320091875304404,1,,27532.97,6361.7,934439da,,,,,,,,,,,,,,,,,,,,,,,,,
q5i_btree,tpchi,btree,q5i,c0,1550,1.0,4,base_hash_join,query,2,2,0.007668696954185287,1,,130400.25,5045.38,934439da,,,,,,,,,,,,,,,,,,,,,,,,,
q5i_lsm,tpchi,lsm,q5i,c0,3850,1.0,1,base_merge_join,query,2,0,0.04317481699274447,1,,23161.65,5494.21,934439da,,,,,,,,,,,,,,,,,,,,,,,,,
q5i_lsm,tpchi,lsm,q5i,c0,3850,1.0,2,pipeline_view,query,2,0,0.08547023157304542,2,,11699.98,5319.44,934439da,,,,,,,,,,,,,,,,,,,,,,,,,
q5i_lsm,tpchi,lsm,q5i,c0,3850,1.0,3,mi_coli_walk,query,2,0,0.07503597975229122,2,,13326.94,5582.75,934439da,,,,,,,,,,,,,,,,,,,,,,,,,
q5i_lsm,tpchi,lsm,q5i,c0,3850,1.0,4,base_hash_join,query,2,0,0.006769598868772951,1,,147719.24,4777.42,934439da,,,,,,,,,,,,,,,,,,,,,,,,,
q5i_lsm,tpchi,lsm,q5i,c0,3850,1.0,1,base_merge_join,query,2,1,0.04520478899534617,1,,22121.55,5494.21,934439da,,,,,,,,,,,,,,,,,,,,,,,,,
q5i_lsm,tpchi,lsm,q5i,c0,3850,1.0,2,pipeline_view,query,2,1,0.09175153683824204,2,,10899.0,5319.44,934439da,,,,,,,,,,,,,,,,,,,,,,,,,
q5i_lsm,tpchi,lsm,q5i,c0,3850,1.0,3,mi_coli_walk,query,2,1,0.07817092541868348,2,,12792.48,5582.75,934439da,,,,,,,,,,,,,,,,,,,,,,,,,
q5i_lsm,tpchi,lsm,q5i,c0,3850,1.0,4,base_hash_join,query,2,1,0.007359067058689075,1,,135886.79,4777.42,934439da,,,,,,,,,,,,,,,,,,,,,,,,,
q5i_lsm,tpchi,lsm,q5i,c0,3850,1.0,1,base_merge_join,query,2,2,0.04289976683976722,1,,23310.15,5494.21,934439da,,,,,,,,,,,,,,,,,,,,,,,,,
q5i_lsm,tpchi,lsm,q5i,c0,3850,1.0,2,pipeline_view,query,2,2,0.0893975410312364,2,,11185.99,5319.44,934439da,,,,,,,,,,,,,,,,,,,,,,,,,
q5i_lsm,tpchi,lsm,q5i,c0,3850,1.0,3,mi_coli_walk,query,2,2,0.0726449066113403,2,,13765.59,5582.75,934439da,,,,,,,,,,,,,,,,,,,,,,,,,
q5i_lsm,tpchi,lsm,q5i,c0,3850,1.0,4,base_hash_join,query,2,2,0.007326413633342157,1,,136492.43,4777.42,934439da,,,,,,,,,,,,,,,,,,,,,,,,,
