binary,family,backend,query,cell,sf,dram_gib,structure,method,tx,bg,rep,tx_per_s,tx_count,bg_tx_count,ms_per_tx,size_mib,commit_sha,disk
q10_btree,vanilla,btree,q10,c0,1550,1.0,1,base_merge_join,query,2,1,0.0500,1,2,19471.4800,4291.15,9483d7c9,ssd
q10_btree,vanilla,btree,q10,c0,1550,1.0,1,base_merge_join,query,2,2,0.0500,1,2,19915.7300,4291.15,9483d7c9,ssd
q10_btree,vanilla,btree,q10,c0,1550,1.0,1,base_merge_join,query,2,3,0.0500,1,2,19811.0000,4291.15,9483d7c9,ssd
q10_btree,vanilla,btree,q10,c0,1550,1.0,2,pipeline_view,query,2,1,0.0100,1,2,183664.1600,8629.66,9483d7c9,ssd
q10_btree,vanilla,btree,q10,c0,1550,1.0,2,pipeline_view,query,2,2,0.0100,1,2,187198.4300,8629.66,9483d7c9,ssd
q10_btree,vanilla,btree,q10,c0,1550,1.0,2,pipeline_view,query,2,3,0.0100,1,2,188711.0600,8629.66,9483d7c9,ssd
q10_btree,vanilla,btree,q10,c0,1550,1.0,2,pipeline_view_preagg,query,2,1,0.0600,1,2,17561.6300,3894.89,9483d7c9,ssd
q10_btree,vanilla,btree,q10,c0,1550,1.0,2,pipeline_view_preagg,query,2,2,0.0500,1,2,18244.9000,3894.89,9483d7c9,ssd
q10_btree,vanilla,btree,q10,c0,1550,1.0,2,pipeline_view_preagg,query,2,3,0.0600,1,2,18061.6200,3894.89,9483d7c9,ssd
q10_btree,vanilla,btree,q10,c0,1550,1.0,3,mi_col_walk,query,2,1,0.0300,1,2,36469.1700,4389.94,9483d7c9,ssd
q10_btree,vanilla,btree,q10,c0,1550,1.0,3,mi_col_walk,query,2,2,0.0300,1,2,36324.2000,4389.94,9483d7c9,ssd
q10_btree,vanilla,btree,q10,c0,1550,1.0,3,mi_col_walk,query,2,3,0.0300,1,2,36648.6700,4389.94,9483d7c9,ssd
q10_btree,vanilla,btree,q10,c0,1550,1.0,4,base_hash_join,query,2,1,0.0100,1,2,131297.1900,3403.49,9483d7c9,ssd
q10_btree,vanilla,btree,q10,c0,1550,1.0,4,base_hash_join,query,2,2,0.0100,1,2,129946.8900,3403.49,9483d7c9,ssd
q10_btree,vanilla,btree,q10,c0,1550,1.0,4,base_hash_join,query,2,3,0.0100,1,2,132167.6800,3403.49,9483d7c9,ssd
q10_btree,vanilla,btree,q10,c0,1550,1.0,5,mi_acol_preagg,query,2,1,5.3000,80,56614,188.6700,3517.56,9483d7c9,ssd
q10_btree,vanilla,btree,q10,c0,1550,1.0,5,mi_acol_preagg,query,2,2,5.5500,84,55811,180.2400,3517.56,9483d7c9,ssd
q10_btree,vanilla,btree,q10,c0,1550,1.0,5,mi_acol_preagg,query,2,3,5.6500,85,56605,176.8800,3517.56,9483d7c9,ssd
q10_lsm,vanilla,lsm,q10,c0,3850,1.0,1,base_merge_join,query,2,1,0.0600,1,2,17911.2400,3841.79,9483d7c9,ssd
q10_lsm,vanilla,lsm,q10,c0,3850,1.0,1,base_merge_join,query,2,2,0.0500,1,2,18532.6600,3841.79,9483d7c9,ssd
q10_lsm,vanilla,lsm,q10,c0,3850,1.0,1,base_merge_join,query,2,3,0.0600,1,2,17899.0500,3841.79,9483d7c9,ssd
q10_lsm,vanilla,lsm,q10,c0,3850,1.0,2,pipeline_view,query,2,1,0.0500,1,2,19427.2300,4296.48,9483d7c9,ssd
q10_lsm,vanilla,lsm,q10,c0,3850,1.0,2,pipeline_view,query,2,2,0.0500,1,2,19364.4700,4296.48,9483d7c9,ssd
q10_lsm,vanilla,lsm,q10,c0,3850,1.0,2,pipeline_view,query,2,3,0.0500,1,2,19036.1500,4296.48,9483d7c9,ssd
q10_lsm,vanilla,lsm,q10,c0,3850,1.0,2,pipeline_view_preagg,query,2,1,0.5800,9,43066,1731.2000,3288.27,9483d7c9,ssd
q10_lsm,vanilla,lsm,q10,c0,3850,1.0,2,pipeline_view_preagg,query,2,2,0.5600,9,42350,1786.4600,3288.27,9483d7c9,ssd
q10_lsm,vanilla,lsm,q10,c0,3850,1.0,2,pipeline_view_preagg,query,2,3,0.5600,9,43014,1786.0400,3288.27,9483d7c9,ssd
q10_lsm,vanilla,lsm,q10,c0,3850,1.0,3,mi_col_walk,query,2,1,0.1000,2,34186,9751.9600,3926.88,9483d7c9,ssd
q10_lsm,vanilla,lsm,q10,c0,3850,1.0,3,mi_col_walk,query,2,2,0.1100,2,36260,9413.0000,3926.88,9483d7c9,ssd
q10_lsm,vanilla,lsm,q10,c0,3850,1.0,3,mi_col_walk,query,2,3,0.1100,2,36272,9496.4600,3926.88,9483d7c9,ssd
q10_lsm,vanilla,lsm,q10,c0,3850,1.0,4,base_hash_join,query,2,1,0.0100,1,2,86197.3500,3138.80,9483d7c9,ssd
q10_lsm,vanilla,lsm,q10,c0,3850,1.0,4,base_hash_join,query,2,2,0.0100,1,2,86344.7600,3138.80,9483d7c9,ssd
q10_lsm,vanilla,lsm,q10,c0,3850,1.0,4,base_hash_join,query,2,3,0.0100,1,2,84724.7700,3138.80,9483d7c9,ssd
q10_lsm,vanilla,lsm,q10,c0,3850,1.0,5,mi_acol_preagg,query,2,1,0.7000,11,43462,1426.8500,3277.58,9483d7c9,ssd
q10_lsm,vanilla,lsm,q10,c0,3850,1.0,5,mi_acol_preagg,query,2,2,0.7500,12,44302,1337.2300,3277.58,9483d7c9,ssd
q10_lsm,vanilla,lsm,q10,c0,3850,1.0,5,mi_acol_preagg,query,2,3,0.7000,11,44328,1435.0300,3277.58,9483d7c9,ssd
q10i_btree,tpchi,btree,q10i,c0,1550,1.0,1,base_merge_join,query,2,1,0.0400,1,2,25352.5000,6242.56,9483d7c9,ssd
q10i_btree,tpchi,btree,q10i,c0,1550,1.0,1,base_merge_join,query,2,2,0.0400,1,2,25808.5900,6242.56,9483d7c9,ssd
q10i_btree,tpchi,btree,q10i,c0,1550,1.0,1,base_merge_join,query,2,3,0.0400,1,2,25238.3100,6242.56,9483d7c9,ssd
q10i_btree,tpchi,btree,q10i,c0,1550,1.0,2,pipeline_view,query,2,1,0.0100,1,2,176814.6200,10277.31,9483d7c9,ssd
q10i_btree,tpchi,btree,q10i,c0,1550,1.0,2,pipeline_view,query,2,2,0.0100,1,2,183552.5200,10277.31,9483d7c9,ssd
q10i_btree,tpchi,btree,q10i,c0,1550,1.0,2,pipeline_view,query,2,3,0.0100,1,2,180393.5500,10277.31,9483d7c9,ssd
q10i_btree,tpchi,btree,q10i,c0,1550,1.0,2,pipeline_view_preagg,query,2,1,0.0500,1,2,20315.8600,5609.97,9483d7c9,ssd
q10i_btree,tpchi,btree,q10i,c0,1550,1.0,2,pipeline_view_preagg,query,2,2,0.0500,1,2,21149.3600,5609.97,9483d7c9,ssd
q10i_btree,tpchi,btree,q10i,c0,1550,1.0,2,pipeline_view_preagg,query,2,3,0.0500,1,2,20908.3600,5609.97,9483d7c9,ssd
q10i_btree,tpchi,btree,q10i,c0,1550,1.0,3,mi_coli_walk,query,2,1,0.0200,1,2,47673.8300,6363.17,9483d7c9,ssd
q10i_btree,tpchi,btree,q10i,c0,1550,1.0,3,mi_coli_walk,query,2,2,0.0200,1,2,48731.7900,6363.17,9483d7c9,ssd
q10i_btree,tpchi,btree,q10i,c0,1550,1.0,3,mi_coli_walk,query,2,3,0.0200,1,2,47474.5500,6363.17,9483d7c9,ssd
q10i_btree,tpchi,btree,q10i,c0,1550,1.0,4,base_hash_join,query,2,1,0.0100,1,2,142000.1400,5048.62,9483d7c9,ssd
q10i_btree,tpchi,btree,q10i,c0,1550,1.0,4,base_hash_join,query,2,2,0.0100,1,2,144310.3500,5048.62,9483d7c9,ssd
q10i_btree,tpchi,btree,q10i,c0,1550,1.0,4,base_hash_join,query,2,3,0.0100,1,2,139936.9800,5048.62,9483d7c9,ssd
q10i_btree,tpchi,btree,q10i,c0,1550,1.0,5,mi_acoli_preagg,query,2,1,5.1900,78,64367,192.5600,5192.06,9483d7c9,ssd
q10i_btree,tpchi,btree,q10i,c0,1550,1.0,5,mi_acoli_preagg,query,2,2,5.2400,79,64760,190.7400,5192.06,9483d7c9,ssd
q10i_btree,tpchi,btree,q10i,c0,1550,1.0,5,mi_acoli_preagg,query,2,3,5.2600,79,66182,190.2500,5192.06,9483d7c9,ssd
q10i_lsm,tpchi,lsm,q10i,c0,3850,1.0,1,base_merge_join,query,2,1,0.0400,1,2,26443.7400,5070.40,9483d7c9,ssd
q10i_lsm,tpchi,lsm,q10i,c0,3850,1.0,1,base_merge_join,query,2,2,0.0400,1,2,27487.6000,5070.40,9483d7c9,ssd
q10i_lsm,tpchi,lsm,q10i,c0,3850,1.0,1,base_merge_join,query,2,3,0.0400,1,2,27162.1400,5070.40,9483d7c9,ssd
q10i_lsm,tpchi,lsm,q10i,c0,3850,1.0,2,pipeline_view,query,2,1,0.0600,1,2,16820.5600,5354.57,9483d7c9,ssd
q10i_lsm,tpchi,lsm,q10i,c0,3850,1.0,2,pipeline_view,query,2,2,0.0600,1,2,17040.5700,5354.57,9483d7c9,ssd
q10i_lsm,tpchi,lsm,q10i,c0,3850,1.0,2,pipeline_view,query,2,3,0.0600,1,2,16828.9600,5354.57,9483d7c9,ssd
q10i_lsm,tpchi,lsm,q10i,c0,3850,1.0,2,pipeline_view_preagg,query,2,1,0.4600,7,46583,2194.1400,4296.71,9483d7c9,ssd
q10i_lsm,tpchi,lsm,q10i,c0,3850,1.0,2,pipeline_view_preagg,query,2,2,0.4500,7,43987,2207.9600,4296.71,9483d7c9,ssd
q10i_lsm,tpchi,lsm,q10i,c0,3850,1.0,2,pipeline_view_preagg,query,2,3,0.4700,8,51995,2132.4300,4296.71,9483d7c9,ssd
q10i_lsm,tpchi,lsm,q10i,c0,3850,1.0,3,mi_coli_walk,query,2,1,0.0600,1,2,16091.9100,5175.90,9483d7c9,ssd
q10i_lsm,tpchi,lsm,q10i,c0,3850,1.0,3,mi_coli_walk,query,2,2,0.0600,1,2,16096.2800,5175.90,9483d7c9,ssd
q10i_lsm,tpchi,lsm,q10i,c0,3850,1.0,3,mi_coli_walk,query,2,3,0.0600,1,2,15970.7900,5175.90,9483d7c9,ssd
q10i_lsm,tpchi,lsm,q10i,c0,3850,1.0,4,base_hash_join,query,2,1,0.0100,1,2,101534.1900,4132.90,9483d7c9,ssd
q10i_lsm,tpchi,lsm,q10i,c0,3850,1.0,4,base_hash_join,query,2,2,0.0100,1,2,95894.4500,4132.90,9483d7c9,ssd
q10i_lsm,tpchi,lsm,q10i,c0,3850,1.0,4,base_hash_join,query,2,3,0.0100,1,2,98922.0900,4132.90,9483d7c9,ssd
q10i_lsm,tpchi,lsm,q10i,c0,3850,1.0,5,mi_acoli_preagg,query,2,1,0.6400,10,42875,1572.7200,4287.42,9483d7c9,ssd
q10i_lsm,tpchi,lsm,q10i,c0,3850,1.0,5,mi_acoli_preagg,query,2,2,0.6500,10,43687,1538.7400,4287.42,9483d7c9,ssd
q10i_lsm,tpchi,lsm,q10i,c0,3850,1.0,5,mi_acoli_preagg,query,2,3,0.6000,9,40740,1669.1900,4287.42,9483d7c9,ssd
